,YEAR,MONTH,RETAIL SALES,RETAIL TRANSFERS,WAREHOUSE SALES
count,30000.0,30000.0,30000.0,30000.0,30000.0
mean,2020.0,3.9114666666666666,6.9395646666666675,6.5940579999999995,27.431030999999997
std,0.0,2.836787518949879,33.08052668079315,27.879428363642948,272.16608475978444
min,2020.0,1.0,-0.42,-6.0,-3999.0
25%,2020.0,1.0,0.0,0.0,0.0
50%,2020.0,3.0,0.16,0.0,1.0
75%,2020.0,7.0,2.92,3.0,6.0
max,2020.0,9.0,2739.0,1507.0,18317.0
